group,replicate,colony,painted,trial,video,first_discovery,first_trans,decision_lat,direct_dark_trans,all_indirect_trans,total_trans,efficiency,colony_size
Choice,2,n.amb.22,no,1,694,1814.941,8386.331,6571.39,77,5,84,0.974683544,74
Choice,2,n.amb.22,no,2,266,426.284,897.26,470.976,66,14,88,0.891891892,74
Choice,2,n.amb.22,no,3,211,578.019,2767.272,2189.253,76,0,76,1,74
Choice,2,n.amb.22,no,4,914,415.423,1255.94,840.517,77,16,103,0.885057471,74
Choice,2,n.amb.22,no,5,739,326.94,1031.171,704.231,79,2,81,1,74
Choice,2,n.amb.22,no,6,639,320.432,1270.722,950.29,67,13,85,0.930555556,74
Choice,2,n.amb.22,no,7,625,626.67,1057.69,431.02,89,15,106,0.978021978,74
Choice,3,n.amb11,no,1,830,2795.474,3113.409,317.935,0,0,27,0,40
Choice,3,n.amb11,no,2,979,859.401,1763.904,904.503,7,0,27,0.259259259,40
Choice,3,n.amb11,no,3,669,496.169,1819.429,1323.26,13,1,33,0.40625,40
Choice,3,n.amb11,no,4,805,99.665,1500.917,1401.252,25,2,28,0.961538462,40
Choice,3,n.amb11,no,5,353,468.009,1788.462,1320.453,5,2,33,0.161290323,40
Choice,3,n.amb11,no,6,270,576.738,1978.484,1401.746,6,17,34,0.352941176,40
Choice,3,n.amb11,no,7,378,329.937,2679.747,2349.81,9,12,35,0.391304348,40
Choice,2,n.amb15,no,1,457,2712.081,9289.833,6577.752,3,2,51,0.06122449,53
Choice,2,n.amb15,no,2,418,1506.918,6916.064,5409.146,1,2,42,0.025,53
Choice,2,n.amb15,no,3,961,873.721,3365.624,2491.903,19,20,64,0.431818182,53
Choice,2,n.amb15,no,4,346,666.168,2977.372,2311.204,1,1,44,0.023255814,53
Choice,2,n.amb15,no,5,125,856.912,2379.705,1522.793,3,11,60,0.06122449,53
Choice,2,n.amb15,no,6,128,364.23,2859.864,2495.634,5,4,52,0.104166667,53
Choice,2,n.amb15,no,7,853,1221.206,1892.399,671.193,2,3,42,0.051282051,53
Choice,1,n.amb16,no,1,154,3204.999,18519.63,15314.631,1,0,16,0.0625,16
Choice,1,n.amb16,no,2,327,1146.466,3931.773,2785.307,16,5,23,0.888888889,16
Choice,1,n.amb16,no,3,212,712.439,3418.459,2706.02,4,7,21,0.285714286,16
Choice,1,n.amb16,no,4,159,217.672,1488.421,1270.749,0,0,17,0,16
Choice,1,n.amb16,no,5,886,920.434,4016.107,3095.673,5,0,14,0.357142857,16
Choice,1,n.amb16,no,6,813,408.954,4241.734,3832.78,0,0,10,0,16
Choice,1,n.amb16,no,7,490,492.651,4764.69,4272.039,10,5,18,0.769230769,16
Choice,1,n.amb17,no,1,398,1397.997,3945.888,2547.891,14,1,20,0.736842105,61
Choice,1,n.amb17,no,2,731,530.95,2093.695,1562.745,3,9,22,0.230769231,61
Choice,1,n.amb17,no,3,375,688.42,2097.317,1408.897,13,0,13,1,61
Choice,1,n.amb17,no,4,971,603.681,2559.707,1956.026,25,2,27,1,61
Choice,1,n.amb17,no,5,559,555.92,2560.663,2004.743,21,13,41,0.75,61
Choice,1,n.amb17,no,6,487,508.43,1005.657,497.227,27,11,45,0.794117647,61
Choice,1,n.amb17,no,7,958,488.795,706.574,217.779,17,30,85,0.309090909,61
Choice,2,n.amb18,no,1,938,1364.521,9537.557,8173.036,8,0,75,0.106666667,70
Choice,2,n.amb18,no,2,606,477.695,3355.421,2877.726,66,12,79,0.985074627,70
Choice,2,n.amb18,no,3,425,596.182,1998.935,1402.753,17,1,79,0.217948718,70
Choice,2,n.amb18,no,4,228,517.424,1814.681,1297.257,0,5,72,0,70
Choice,2,n.amb18,no,5,658,672.158,2026.428,1354.27,8,11,81,0.114285714,70
Choice,2,n.amb18,no,6,722,326.984,1324.71,997.726,2,7,57,0.04,70
Choice,2,n.amb18,no,7,132,289.927,1098.928,809.001,4,4,81,0.051948052,70
Choice,3,n.amb19,no,1,799,753.901,3892.42,3138.519,62,13,93,0.775,94
Choice,3,n.amb19,no,2,609,300.687,1440.447,1139.76,51,3,73,0.728571429,94
Choice,3,n.amb19,no,3,325,523.713,1050.956,527.243,58,1,74,0.794520548,94
Choice,3,n.amb19,no,4,984,423.982,1590.922,1166.94,43,7,60,0.811320755,94
Choice,3,n.amb19,no,5,576,518.174,1168.944,650.77,37,1,53,0.711538462,94
Choice,3,n.amb19,no,6,539,439.441,1642.735,1203.294,31,5,45,0.775,94
Choice,3,n.amb19,no,7,697,410.946,2780.475,2369.529,57,3,62,0.966101695,94
Choice,1,n.amb20,no,1,326,1718.438,4068.649,2350.211,29,0,76,0.381578947,77
Choice,1,n.amb20,no,2,430,861.584,1430.858,569.274,62,18,88,0.885714286,77
Choice,1,n.amb20,no,3,234,270.956,934.973,664.017,19,20,82,0.306451613,77
Choice,1,n.amb20,no,4,364,538.67,1387.747,849.077,40,8,79,0.563380282,77
Choice,1,n.amb20,no,5,252,568.71,1413.729,845.019,37,3,69,0.560606061,77
Choice,1,n.amb20,no,6,438,319.476,851.696,532.22,33,14,74,0.55,77
Choice,1,n.amb20,no,7,574,233.465,665.298,431.833,28,6,76,0.4,77
Choice,2,n.amb23,no,1,135,1472.667,5373.828,3901.161,70,25,122,0.721649485,103
Choice,2,n.amb23,no,2,471,289.911,2260.938,1971.027,44,25,109,0.523809524,103
Choice,2,n.amb23,no,3,203,646.692,3506.076,2859.384,73,15,104,0.820224719,103
Choice,2,n.amb23,no,4,193,1219.686,2840.705,1621.019,87,0,87,1,103
Choice,2,n.amb23,no,5,355,1078.757,2593.492,1514.735,32,6,92,0.372093023,103
Choice,2,n.amb23,no,6,214,NA,NA,NA,NA,NA,NA,NA,103
Choice,2,n.amb23,no,7,684,509.939,2047.987,1538.048,73,10,90,0.9125,103
Choice,3,n.amb29,no,1,964,1926.161,3461.13,1534.969,9,0,19,0.473684211,27
Choice,3,n.amb29,no,2,807,377.185,3262.941,2885.756,12,10,30,0.6,27
Choice,3,n.amb29,no,3,738,280.003,3919.051,3639.048,10,12,33,0.476190476,27
Choice,3,n.amb29,no,4,468,986.664,3003.156,2016.492,1,2,13,0.090909091,27
Choice,3,n.amb29,no,5,655,636.745,2252.768,1616.023,10,2,18,0.625,27
Choice,3,n.amb29,no,6,795,507.422,3199.803,2692.381,9,16,30,0.642857143,27
Choice,3,n.amb29,no,7,560,933.469,4656.414,3722.945,9,4,14,0.9,27
Choice,4,n.amb41,yes,1,365,870,2800,1930,7,13,23,0.7,31
Choice,4,n.amb41,yes,2,891,542.15,2821.752,2279.602,4,2,11,0.444444444,31
Choice,4,n.amb41,yes,3,338,809,3423,2614,9,1,10,1,31
Choice,4,n.amb41,yes,4,742,678.401,2824.162,2145.761,12,12,33,0.571428571,31
Choice,4,n.amb41,yes,5,871,388,2066,1678,8,10,21,,31
Choice,4,n.amb41,yes,6,535,350.154,1592.406,1242.252,0,0,19,0,31
Choice,4,n.amb41,yes,7,274,710.222,1917.541,1207.319,20,6,30,0.833333333,31
Choice,4,n.amb42,yes,1,164,290.654,1567.153,1276.499,13,4,25,0.619047619,43
Choice,4,n.amb42,yes,2,800,847.177,1792.162,944.985,0,0,15,0,43
Choice,4,n.amb42,yes,3,454,800,2195,1395,7,10,22,0.583333333,43
Choice,4,n.amb42,yes,4,345,755.659,1330.915,575.256,18,0,18,1,43
Choice,4,n.amb42,yes,5,166,545.524,1758.653,1213.129,28,1,29,1,43
Choice,4,n.amb42,yes,6,361,523.68,1360.4,836.72,1,4,32,0.035714286,43
Choice,4,n.amb42,yes,7,653,134.689,1401.434,1266.745,28,12,46,0.823529412,43
Choice,4,n.amb44,no,1,803,1399.43,5009.066,3609.636,3,8,15,0.428571429,16
Choice,4,n.amb44,no,2,553,1532.912,1770.165,237.253,0,1,10,0,16
Choice,4,n.amb44,no,3,223,534.402,1320.157,785.755,0,0,7,0,16
Choice,4,n.amb44,no,4,515,588.653,3343.663,2755.01,13,0,13,1,16
Choice,4,n.amb44,no,5,710,2737.15,3448.674,711.524,14,0,15,0.933333333,16
Choice,4,n.amb44,no,6,269,679.411,4576.257,3896.846,0,0,26,0,16
Choice,4,n.amb44,no,7,543,1557.942,14739.592,13181.65,26,3,32,0.896551724,16
Choice,1,n.amb5,no,1,701,1198.161,6879.582,5681.421,10,3,25,0.454545455,34
Choice,1,n.amb5,no,2,937,456.176,943.774,487.598,14,15,43,0.5,34
Choice,1,n.amb5,no,3,376,919.607,2257.722,1338.115,3,7,30,0.130434783,34
Choice,1,n.amb5,no,4,322,720.9,2396.906,1676.006,18,9,34,0.72,34
Choice,1,n.amb5,no,5,583,580.541,1861.285,1280.744,0,0,21,0,34
Choice,1,n.amb5,no,6,305,662.954,1421.426,758.472,15,0,22,0.681818182,34
Choice,1,n.amb5,no,7,484,398.223,1042.088,643.865,18,3,24,0.857142857,34
Choice,4,n.amb53,yes,1,296,398.446,2210.413,1811.967,5,4,16,0.416666667,28
Choice,4,n.amb53,yes,2,482,415.679,1860.904,1445.225,3,13,20,0.428571429,28
Choice,4,n.amb53,yes,3,260,886.939,2430.168,1543.229,18,0,18,1,28
Choice,4,n.amb53,yes,4,876,448.164,2382.927,1934.763,0,0,16,0,28
Choice,4,n.amb53,yes,5,571,622.413,2344.927,1722.514,1,2,13,0.090909091,28
Choice,4,n.amb53,yes,6,873,642.918,1109.426,466.508,11,13,31,0.611111111,28
Choice,4,n.amb53,yes,7,858,268.664,668.682,400.018,3,4,27,0.130434783,28
Choice,4,n.amb55,yes,1,572,1701,3354,1653,6,0,6,1,27
Choice,4,n.amb55,yes,2,456,670.404,2590.412,1920.008,5,0,5,1,27
Choice,4,n.amb55,yes,3,643,713,2175,1462,7,11,18,1,27
Choice,4,n.amb55,yes,4,422,321.404,1318.452,997.048,15,11,37,0.576923077,27
Choice,4,n.amb55,yes,5,981,343,1148,805,1,1,18,0.058823529,27
Choice,4,n.amb55,yes,6,999,424.156,1299.156,875,20,2,22,1,27
Choice,4,n.amb55,yes,7,872,490.449,1489.213,998.764,5,4,36,0.15625,27
Choice,3,n.amb6,no,1,845,1624.16,3687.734,2063.574,40,1,51,0.8,61
Choice,3,n.amb6,no,2,940,233.659,1184.155,950.496,27,10,59,0.551020408,61
Choice,3,n.amb6,no,3,115,733.774,2384.007,1650.233,26,12,66,0.481481481,61
Choice,3,n.amb6,no,4,741,255.174,3085.166,2829.992,30,2,45,0.697674419,61
Choice,3,n.amb6,no,5,915,524.473,1798.446,1273.973,34,5,44,0.871794872,61
Choice,3,n.amb6,no,6,324,774.452,2136.981,1362.529,28,8,37,0.965517241,61
Choice,3,n.amb6,no,7,107,1039.464,2867.192,1827.728,7,0,37,0.189189189,61
Choice,3,n.amb7,no,1,784,966.415,3539.96,2573.545,7,2,61,0.118644068,64
Choice,3,n.amb7,no,2,273,494.403,1663.155,1168.752,25,55,119,0.390625,64
Choice,3,n.amb7,no,3,436,691.433,1424.708,733.275,14,2,78,0.184210526,64
Choice,3,n.amb7,no,4,268,403.708,1248.719,845.011,4,2,45,0.093023256,64
Choice,3,n.amb7,no,5,516,301.677,867.986,566.309,1,4,50,0.02173913,64
Choice,3,n.amb7,no,6,687,423.666,1197.411,773.745,9,3,38,0.257142857,64
Choice,3,n.amb7,no,7,192,341.205,1833.198,1491.993,41,3,44,1,64
Choice,2,n.amb8,no,1,702,3322.705,5411.174,2088.469,47,0,47,1,54
Choice,2,n.amb8,no,2,301,552.047,1611.49,1059.443,46,0,46,1,54
Choice,2,n.amb8,no,3,828,331.228,1233.695,902.467,43,2,46,0.977272727,54
Choice,2,n.amb8,no,4,960,2145.771,3596.589,1450.818,48,0,48,1,54
Choice,2,n.amb8,no,5,529,677.69,1460.92,783.23,53,1,54,1,54
Choice,2,n.amb8,no,6,548,1314.67,2251.432,936.762,42,0,42,1,54
Choice,2,n.amb8,no,7,837,461.963,1002.968,541.005,47,2,50,0.979166667,54
Choice,1,n.amb9,no,1,403,1861.974,4983.521,3121.547,9,1,34,0.272727273,20
Choice,1,n.amb9,no,2,627,562.921,1343.417,780.496,21,14,43,0.724137931,20
Choice,1,n.amb9,no,3,619,775.986,1936.442,1160.456,3,7,29,0.136363636,20
Choice,1,n.amb9,no,4,665,490.576,1515.11,1024.534,0,6,23,0,20
Choice,1,n.amb9,no,5,483,432.981,1984.503,1551.522,8,8,27,0.421052632,20
Choice,1,n.amb9,no,6,333,507.002,983.431,476.429,0,4,24,0,20
Choice,1,n.amb9,no,7,397,247.675,1068.189,820.514,25,9,35,0.961538462,20